"","description","id","id_string","title","url"
"1","NER2020_REACH_MSNA",558897,"aaWoJUsbWaZB4DfLCAHDR5","NER2020_REACH_MSNA","https://kc.humanitarianresponse.info/api/v1/data/558897.csv"
"2","NER2002_MSNA_tillab",574207,"abDtjjiEYRXpkYmdCwuW3q","NER2002_MSNA_tillab","https://kc.humanitarianresponse.info/api/v1/data/574207.csv"
"3","NER2002_MSNA_tahoua",574211,"acBJxQrdombGmDgF2pabn3","Evaluation_WASH_Moyen_dexistence_Region_de_Diffa_2020","https://kc.humanitarianresponse.info/api/v1/data/574211.csv"
"4","Exo_kobo_revu",469310,"aDbi2Mipcp4339R7jYNLwV","Exo_kobo_revu","https://kc.humanitarianresponse.info/api/v1/data/469310.csv"
"5","REACH REG1903b - 3 frontieres - post pilote - outil multisectoriel - Niger - v2 test",474632,"afbpxVTRGxnKWaGLMVqVzA","REACH REG1903b - 3 frontieres - post pilote - outil multisectoriel - Niger - v2 test","https://kc.humanitarianresponse.info/api/v1/data/474632.csv"
"6","REACH REG1903b - 3 frontieres - post pilote - outil multisectoriel - Niger",473906,"aJC3xAbHTboVqfityMvfMX","^","https://kc.humanitarianresponse.info/api/v1/data/473906.csv"
"7","NER2002_MSNA_dosso",574202,"ajKZgQzX2edEGtDq6g24qj","NER2002_MSNA_dosso","https://kc.humanitarianresponse.info/api/v1/data/574202.csv"
"8","REACH REG1903b 3 frontières - Outil KI-Mars-v1",505508,"amX4yHY9mFeR4CMc3VMwo7","REACH REG1903b 3 frontières - Outil KI-Mars-v1","https://kc.humanitarianresponse.info/api/v1/data/505508.csv"
"9","REACH_MSNA_Outil_test_1",553824,"aPei6BZndPD8Gj9yW2Kc34","REACH_MSNA_Outil_test_1","https://kc.humanitarianresponse.info/api/v1/data/553824.csv"
"10","Questionnaire MSNA Niger",566857,"apjTsvk6rb7WuvbSaTGJ5t","Questionnaire MSNA Niger","https://kc.humanitarianresponse.info/api/v1/data/566857.csv"
"11","REACH REG1903b 3 frontières - Outil multisectoriel_postpilote_dec19_v1",470449,"aSDVQ6VFmtP55brSZHzpTH","REACH REG1903b 3 frontières - Outil multisectoriel_postpilote_dec19_v1","https://kc.humanitarianresponse.info/api/v1/data/470449.csv"
"12","Evaluation_WASH_Moyen_dexistence_Region_de_Diffa_2020_v2",577246,"aSfxpELQfKGbrXykqFTVJG","NER2002_MSNA_diffa_v2","https://kc.humanitarianresponse.info/api/v1/data/577246.csv"
"13","Test_KI",506674,"aVEVnjnnB9BCYBYwcexU9E","Test_KI","https://kc.humanitarianresponse.info/api/v1/data/506674.csv"
"14","REACH REG1903b 3 frontières - Outil multisectoriel_postpilote_06012020_8_Cbd",474486,"aVw8tJr4su8ZQwqJYnZf6v","REACH REG1903b 3 frontières - Outil multisectoriel_postpilote_06012020_8_Cbd","https://kc.humanitarianresponse.info/api/v1/data/474486.csv"
"15","REACH_MSNA_Outil_test_1_2_cbd0",557070,"avxtoUg7U5oxiGKNQcyitM","REACH_MSNA_Outil_test_1_2_cbd0","https://kc.humanitarianresponse.info/api/v1/data/557070.csv"
"16","NER2002_MSNA_zind",574203,"avXWZyP9kRzVWTxMaPBXA9","NER2002_MSNA_zind","https://kc.humanitarianresponse.info/api/v1/data/574203.csv"
"17","NER2002_MSNA_diffa",574210,"awQKkpnqz4hHEnxbhJu4XZ","NER2002_MSNA_diffa","https://kc.humanitarianresponse.info/api/v1/data/574210.csv"
"18","Test_2",506776,"ayMdajFS7jxaPjJmcmDPPR","Test_2","https://kc.humanitarianresponse.info/api/v1/data/506776.csv"
